Date,ABEV3,ITSA4,PETR4,VALE3
2016-01-04,14.22070026397705,3.4963219165802,3.4599974155426025,8.44851016998291
2016-01-05,14.443801879882812,3.554593324661255,3.3643059730529785,8.335331916809082
2016-01-06,14.303330421447754,3.586378335952759,3.223287343978882,7.722830295562744
2016-01-07,13.923230171203613,3.5334057807922363,3.152778148651123,7.263454437255859
2016-01-08,14.105016708374023,3.5334057807922363,3.1578140258789062,7.017123699188232
2016-01-11,13.881914138793945,3.4910240173339844,3.0671589374542236,6.817394733428955
2016-01-12,14.03065013885498,3.4486446380615234,2.7851219177246094,6.26481294631958
2016-01-13,13.906704902648926,3.459240436553955,2.654175281524658,5.991851806640625
2016-01-14,13.923230171203613,3.4751319885253906,2.865703821182251,6.424595832824707
2016-01-15,13.708392143249512,3.4168601036071777,2.603811740875244,6.2381815910339355
2016-01-18,13.419183731079102,3.400967836380005,2.4174656867980957,5.918616771697998
2016-01-19,13.84060001373291,3.3638858795166016,2.346956253051758,6.111688613891602
2016-01-20,13.667078018188477,3.3268041610717773,2.231119155883789,6.131661415100098
2016-01-21,13.485288619995117,3.3373985290527344,2.266373872756958,6.085057735443115
2016-01-22,13.923230171203613,3.390374183654785,2.2210464477539062,6.011824131011963
2016-01-26,13.914969444274902,3.443347692489624,2.1152822971343994,5.958563327789307
2016-01-27,14.72474479675293,3.4486446380615234,2.301628828048706,6.26481294631958
2016-01-28,14.782586097717285,3.522810459136963,2.316737174987793,6.211552143096924
2016-01-29,15.418841361999512,3.644651174545288,2.4376115798950195,6.471199989318848
2016-02-01,15.310667991638184,3.6658403873443604,2.377174139022827,6.324731826782227
2016-02-02,14.961185455322266,3.3638858795166016,2.1656460762023926,5.725546360015869
2016-02-03,15.061039924621582,3.538700580596924,2.2613377571105957,5.998509407043457
2016-02-04,15.277382850646973,3.5969746112823486,2.3822107315063477,6.883971214294434
2016-02-05,15.094322204589844,3.5916755199432373,2.2865195274353027,6.810736656188965
2016-02-10,14.927901268005371,3.5969746112823486,2.170682191848755,6.790764331817627
2016-02-11,14.85301399230957,3.517512083053589,2.1303913593292236,6.5710625648498535
2016-02-12,14.91125774383545,3.522810459136963,2.241191864013672,6.824052810668945
2016-02-15,14.91125774383545,3.528106927871704,2.301628828048706,6.997150421142578
2016-02-16,14.952864646911621,3.581080198287964,2.2361552715301514,7.516444683074951
2016-02-17,15.194172859191895,3.5969746112823486,2.3570284843444824,7.9292168617248535
2016-02-18,15.310667991638184,3.5334057807922363,2.3117010593414307,7.662910461425781
2016-02-19,15.244097709655762,3.5398311614990234,2.2462284564971924,7.8759541511535645
2016-02-22,15.468766212463379,3.659639835357666,2.5383384227752686,8.748102188110352
2016-02-23,15.194172859191895,3.654193878173828,2.4779021739959717,8.242125511169434
2016-02-24,15.127605438232422,3.6269643306732178,2.4527196884155273,7.7960638999938965
2016-02-25,14.736516952514648,3.654193878173828,2.4627926349639893,7.33668851852417
2016-02-26,14.66994857788086,3.6215200424194336,2.4527196884155273,7.323373317718506
2016-02-29,14.678272247314453,3.7141001224517822,2.58870267868042,7.862639904022217
2016-03-01,15.185851097106934,3.8751091957092285,2.674321174621582,8.528402328491211
2016-03-02,15.094322204589844,3.9351449012756348,2.8455586433410645,9.46712589263916
2016-03-03,15.343952178955078,4.257160186767578,3.3089053630828857,10.399188995361328
2016-03-04,15.90146255493164,4.426354885101318,3.6362709999084473,11.018348693847656
2016-03-07,15.951391220092773,4.371776103973389,3.7118165493011475,11.704083442687988
2016-03-08,15.851533889770508,4.524596214294434,3.7621798515319824,10.006391525268555
2016-03-09,15.518691062927246,4.415440559387207,3.827653408050537,9.65353775024414
2016-03-10,15.502053260803223,4.579177379608154,4.003926753997803,9.320659637451172
2016-03-11,15.160887718200684,4.661045551300049,4.074436664581299,9.234107971191406
2016-03-14,15.011110305786133,4.628296852111816,3.7269253730773926,8.947829246520996
2016-03-15,15.227457046508789,4.360861301422119,3.3290517330169678,8.974461555480957
2016-03-16,15.219136238098145,4.251703262329102,3.6413071155548096,9.866580963134766
2016-03-17,15.585259437561035,4.6883344650268555,4.079473495483398,10.319297790527344
2016-03-18,15.327308654785156,4.682876110076904,4.089545726776123,10.2061185836792
2016-03-21,15.585259437561035,4.74291467666626,4.059328079223633,10.086281776428223
2016-03-22,15.593584060668945,4.573718070983887,4.08450984954834,10.272695541381836
2016-03-23,15.809928894042969,4.437270641326904,3.918308973312378,9.400547981262207
2016-03-24,15.809928894042969,4.437270641326904,3.933417320251465,10.019706726074219
2016-03-28,16.059558868408203,4.611924171447754,4.2507100105285645,10.099597930908203
2016-03-29,16.09284210205078,4.661045551300049,4.27589225769043,10.04633617401123
2016-03-30,15.934744834899902,4.62283992767334,4.2507100105285645,10.345930099487305
2016-03-31,15.643510818481445,4.459100723266602,4.185237407684326,10.086281776428223
2016-04-01,15.66847038269043,4.459100723266602,4.210419178009033,10.325957298278809
2016-04-04,15.402199745178223,4.311739921569824,3.7974352836608887,9.84660816192627
2016-04-05,15.568619728088379,4.289906024932861,3.9283814430236816,10.179489135742188
2016-04-06,15.502053260803223,4.175293445587158,3.817580223083496,10.033020973205566
2016-04-07,15.435480117797852,4.235328674316406,3.8780176639556885,9.993075370788574
2016-04-08,15.452125549316406,4.486391544342041,4.160056114196777,10.811962127685547
2016-04-11,15.144248962402344,4.497308731079102,4.225528240203857,11.297966957092285
2016-04-12,15.310667991638184,4.704707145690918,4.552892208099365,12.476363182067871
2016-04-13,15.227457046508789,4.7265400886535645,4.779530048370361,13.028946876525879
2016-04-14,15.593584060668945,4.628296852111816,4.6133294105529785,12.11685562133789
2016-04-15,15.801607131958008,4.704707145690918,4.880258083343506,12.383161544799805
2016-04-18,15.776642799377441,4.666501522064209,4.653621196746826,12.68274974822998
2016-04-19,15.909785270690918,4.661045551300049,4.839966773986816,13.62147331237793
2016-04-20,15.976350784301758,4.568260669708252,4.774494171142578,14.486964225769043
2016-04-22,15.943062782287598,4.524596214294434,4.910477161407471,12.86916446685791
2016-04-25,15.918099403381348,4.4754767417907715,4.698947906494141,12.023648262023926
2016-04-26,16.00963592529297,4.639212131500244,4.870185852050781,12.443079948425293
2016-04-27,16.109485626220703,4.753829002380371,5.162296295166016,12.949057579040527
2016-04-28,16.192697525024414,4.74291467666626,5.152223110198975,13.1754150390625
2016-04-29,16.13444709777832,4.7265400886535645,5.152223110198975,13.10883903503418
2016-05-02,16.23430061340332,4.62283992767334,5.122004508972168,13.228677749633789
2016-05-03,16.300872802734375,4.370686054229736,4.9255852699279785,12.423104286193848
2016-05-04,16.309188842773438,4.442729949951172,4.996094226837158,11.584247589111328
2016-05-05,15.926422119140625,4.394700050354004,4.940695762634277,11.091581344604492
2016-05-06,15.676793098449707,4.4127092361450195,5.076676845550537,11.238048553466797
2016-05-09,15.718400001525879,4.472747325897217,4.774494171142578,10.139542579650879
2016-05-10,15.884818077087402,4.682876110076904,5.14215087890625,10.565631866455078
2016-05-11,15.693435668945312,4.652857780456543,5.162296295166016,10.61223316192627
2016-05-12,15.959708213806152,4.706891059875488,4.930622577667236,10.279354095458984
2016-05-13,15.610224723815918,4.598824501037598,4.764421463012695,9.773375511169434
2016-05-16,15.618545532226562,4.57481050491333,4.910477161407471,9.939815521240234
2016-05-17,15.443805694580078,4.430721282958984,4.784567356109619,10.072966575622559
2016-05-18,15.310667991638184,4.430721282958984,4.693912506103516,9.793349266052246
2016-05-19,15.477086067199707,4.45473575592041,4.51260232925415,9.913186073303223
2016-05-20,15.427163124084473,4.400702953338623,4.482383728027344,9.407206535339355
2016-05-23,15.343952178955078,4.4127092361450195,4.280927658081055,9.613592147827148
2016-05-24,15.551977157592773,4.370686054229736,4.296037197113037,9.33397388458252
2016-05-25,15.793286323547363,4.364681720733643,4.36654806137085,9.733429908752441
2016-05-27,16.059558868408203,4.364681720733643,4.14494514465332,9.513727188110352
2016-05-30,15.934744834899902,4.358678340911865,4.220491886138916,9.507068634033203
2016-05-31,15.90146255493164,4.286633491516113,4.049254417419434,9.46712589263916
2016-06-01,16.09284210205078,4.379887104034424,4.1197638511657715,9.60693359375
2016-06-02,16.04292106628418,4.391917705535889,4.190272808074951,9.953130722045898
2016-06-03,16.225980758666992,4.421998977661133,4.316183090209961,10.811962127685547
2016-06-06,16.15941047668457,4.361838340759277,4.260782718658447,11.244705200195312
2016-06-07,15.884818077087402,4.440052032470703,4.34136438369751,11.031662940979004
2016-06-08,16.03459930419922,4.518261909484863,4.729167461395264,11.317941665649414
2016-06-09,15.943062782287598,4.548342704772949,4.623402118682861,10.4524507522583
2016-06-10,15.576940536499023,4.307689189910889,4.421947002410889,9.953130722045898
2016-06-13,15.735042572021484,4.3498053550720215,4.34136438369751,10.119571685791016
2016-06-14,15.452125549316406,4.265575885772705,4.180201053619385,9.74008846282959
2016-06-15,15.37723445892334,4.2595601081848145,4.285965442657471,9.986418724060059
2016-06-16,15.5353364944458,4.35582160949707,4.280927658081055,10.139542579650879
2016-06-17,15.485410690307617,4.295657634735107,4.507565021514893,10.172831535339355
2016-06-20,15.468766212463379,4.367854118347168,4.623402118682861,10.365901947021484
2016-06-21,15.460445404052734,4.325739860534668,4.799676418304443,10.385875701904297
2016-06-22,15.244097709655762,4.2896409034729,4.70398473739624,10.552315711975098
2016-06-23,15.402199745178223,4.446065425872803,4.870185852050781,11.044979095458984
2016-06-24,15.37723445892334,4.337772846221924,4.658657550811768,10.126229286193848
2016-06-27,15.568619728088379,4.205411911010742,4.421947002410889,9.853267669677734
2016-06-28,15.601902961730957,4.325739860534668,4.633474349975586,10.292667388916016
2016-06-29,15.826570510864258,4.428018093109131,4.784567356109619,10.459110260009766
2016-06-30,15.851533889770508,4.56639289855957,4.744276523590088,10.83193588256836
2016-07-01,15.99299430847168,4.608506202697754,4.945731163024902,11.06495475769043
2016-07-04,15.859853744506836,4.602489471435547,4.970913410186768,11.297966957092285
2016-07-05,16.05124282836914,4.548342704772949,4.678802490234375,10.692124366760254
2016-07-06,15.959708213806152,4.524278163909912,4.784567356109619,10.845251083374023
2016-07-07,15.89313793182373,4.5603766441345215,4.814785003662109,10.665495872497559
2016-07-08,16.14276885986328,4.692736625671387,4.955804347991943,10.778675079345703
2016-07-11,16.14276885986328,4.6987528800964355,5.217696189880371,11.224736213684082
2016-07-12,16.16790199279785,4.626555919647217,5.363752841949463,11.77731704711914
2016-07-13,16.000356674194336,4.73484992980957,5.353678226470947,11.86386489868164
2016-07-14,16.000356674194336,4.945422649383545,5.504770278930664,11.550958633422852
2016-07-15,15.874700546264648,4.921357154846191,5.5500993728637695,11.54430103302002
2016-07-18,15.96684741973877,5.029648780822754,5.817026138305664,11.704083442687988
2016-07-19,16.05900001525879,5.0597310066223145,5.932863712310791,11.211420059204102
2016-07-20,16.017114639282227,5.041681289672852,5.953009128570557,10.991717338562012
2016-07-21,16.084131240844727,4.993552207946777,5.968116760253906,11.584247589111328
2016-07-22,16.24329376220703,5.005584716796875,6.0134453773498535,11.417804718017578
2016-07-25,16.24329376220703,4.9815192222595215,6.05877161026001,11.597561836242676
2016-07-26,16.209787368774414,4.9333882331848145,5.983227252960205,12.263322830200195
2016-07-27,16.184656143188477,5.01160192489624,5.796880722045898,12.59620475769043
2016-07-28,16.28518295288086,4.951437473297119,5.761626720428467,12.676095962524414
2016-07-29,15.749046325683594,5.029648780822754,5.978191375732422,12.316582679748535
2016-08-01,15.91658878326416,4.969485759735107,5.6659345626831055,11.917126655578613
2016-08-02,15.782551765441895,4.999568462371826,5.721334457397461,11.977044105529785
2016-08-03,15.615013122558594,5.198108196258545,5.993299961090088,12.52962589263916
2016-08-04,15.682027816772461,5.210139751434326,6.04870080947876,12.489681243896484
2016-08-05,16.000356674194336,5.19209098815918,5.867389678955078,12.629490852355957
2016-08-08,16.12601661682129,5.155992031097412,5.998335361480713,12.636147499084473
2016-08-09,16.134395599365234,5.149977207183838,5.983227252960205,12.642807006835938
2016-08-10,16.05900001525879,5.083796977996826,5.822062969207764,12.043620109558105
2016-08-11,16.335445404052734,5.228188514709473,6.094027996063232,12.256664276123047
2016-08-12,16.528121948242188,5.234204292297363,6.043663024902344,11.957071304321289
2016-08-15,16.704042434692383,5.324670791625977,6.199792385101318,12.269978523254395
2016-08-16,16.754304885864258,5.270027160644531,6.2904462814331055,12.636147499084473
2016-08-17,16.79619026184082,5.355024814605713,6.426428318023682,12.729353904724121
2016-08-18,16.687286376953125,5.3793134689331055,6.486865520477295,12.59620475769043
2016-08-19,16.628644943237305,5.330742359161377,6.441538333892822,12.70272445678711
2016-08-22,16.410842895507812,5.185027122497559,6.219936847686768,12.236692428588867
2016-08-23,16.4024600982666,5.191097259521484,6.381102085113525,12.483024597167969
2016-08-24,16.4024600982666,5.172884464263916,6.245119094848633,12.08356761932373
2016-08-25,16.17627716064453,5.160740375518799,6.310591697692871,12.103540420532227
2016-08-26,16.075754165649414,5.209310531616211,6.3206658363342285,11.790632247924805
2016-08-29,16.11764144897461,5.288241863250732,6.481828689575195,12.05027961730957
2016-08-30,16.11764144897461,5.300383567810059,6.5926289558410645,11.750686645507812
2016-08-31,16.075754165649414,5.221455097198486,6.471757411956787,11.277997970581055
2016-09-01,16.477859497070312,5.26707124710083,6.547302722930908,11.610875129699707
2016-09-02,16.62026596069336,5.3400559425354,6.834374904632568,12.143485069274902
2016-09-05,16.653776168823242,5.321808815002441,6.965322494506836,11.917126655578613
2016-09-06,16.754304885864258,5.364381790161133,7.040868282318115,12.163457870483398
2016-09-08,16.754304885864258,5.291398048400879,7.161742687225342,11.843893051147461
2016-09-09,16.544876098632812,5.048116207122803,6.804157733917236,11.224736213684082
2016-09-12,16.544876098632812,5.090691089630127,7.025758266448975,11.644164085388184
2016-09-13,16.2684268951416,5.066362380981445,6.55233907699585,10.83193588256836
2016-09-14,16.469478607177734,5.011624813079834,6.602702617645264,11.078267097473145
2016-09-15,16.528121948242188,5.1271820068359375,6.804157733917236,11.078267097473145
2016-09-16,16.276803970336914,5.066362380981445,6.6278839111328125,10.925141334533691
2016-09-19,16.293560028076172,5.078526973724365,6.572484970092773,11.091581344604492
2016-09-20,16.327068328857422,5.1089372634887695,6.799121379852295,11.118213653564453
2016-09-21,16.30193519592285,5.139347553253174,6.879703044891357,11.750686645507812
2016-09-22,16.477859497070312,5.218412399291992,7.050940990447998,11.684109687805176
2016-09-23,16.528121948242188,5.175839424133301,6.89481258392334,11.750686645507812
2016-09-26,16.435970306396484,5.115018844604492,6.748757362365723,11.610875129699707
2016-09-27,16.502986907958984,5.188004493713379,6.607739448547363,11.717395782470703
2016-09-28,16.628644943237305,5.242743492126465,6.9753947257995605,12.110198020935059
2016-09-29,16.519739151000977,5.090691089630127,6.763865947723389,11.977044105529785
2016-09-30,16.603511810302734,5.072445392608643,6.834374904632568,11.857205390930176
2016-10-03,16.544876098632812,5.163675785064697,7.035830974578857,12.05027961730957
2016-10-04,16.368953704833984,5.090691089630127,7.061013221740723,11.750686645507812
2016-10-05,16.410842895507812,5.157593250274658,7.343050956726074,11.890496253967285
2016-10-06,16.461105346679688,5.242743492126465,7.604944229125977,11.85054874420166
2016-10-07,16.461105346679688,5.30356502532959,7.685525417327881,11.98370361328125
2016-10-10,16.48623275756836,5.382630348205566,7.922235488891602,12.68274974822998
2016-10-11,16.293560028076172,5.327891826629639,7.7509989738464355,12.383161544799805
2016-10-13,16.10926055908203,5.327891826629639,7.937345027923584,11.817259788513184
2016-10-14,16.360576629638672,5.413040637969971,8.189164161682129,11.997018814086914
2016-10-17,16.385705947875977,5.461698055267334,8.511492729187012,12.143485069274902
2016-10-18,16.461105346679688,5.53468132019043,8.773386001586914,12.49634075164795
2016-10-19,16.48623275756836,5.4981889724731445,8.874113082885742,12.396475791931152
2016-10-20,16.461105346679688,5.522518157958984,8.934549331665039,12.716039657592773
2016-10-21,16.544876098632812,5.479942798614502,9.040312767028809,13.255306243896484
2016-10-24,16.502986907958984,5.449532508850098,9.166224479675293,13.514952659606934
2016-10-25,16.360576629638672,5.3765482902526855,9.065495491027832,14.214003562927246
2016-10-26,16.368953704833984,5.388711929321289,9.115859985351562,14.493622779846191
2016-10-27,16.335445404052734,5.504271984100342,9.110822677612305,14.646746635437012
2016-10-28,16.000356674194336,5.516436576843262,9.110822677612305,14.739952087402344
2016-10-31,15.77417278289795,5.741471290588379,8.909367561340332,14.700004577636719
2016-11-01,15.486910820007324,5.613747596740723,8.491349220275879,14.846478462219238
2016-11-03,15.123607635498047,5.504271984100342,8.123690605163574,14.620118141174316
2016-11-04,14.971526145935059,5.613747596740723,8.053182601928711,14.387101173400879
2016-11-07,15.199645042419434,5.747554302215576,8.667620658874512,15.399059295654297
2016-11-08,15.2587890625,5.777965545654297,8.582002639770508,15.958296775817871
2016-11-09,15.14895248413086,5.65632438659668,8.385583877563477,16.644031524658203
2016-11-10,15.250341415405273,5.364381790161133,7.806398868560791,17.889005661010742
2016-11-11,14.743403434753418,5.218412399291992,7.055978298187256,17.296478271484375
2016-11-14,14.616667747497559,5.212331295013428,7.050940990447998,17.61604118347168
2016-11-16,15.064465522766113,5.382630348205566,7.423633098602295,16.743892669677734
2016-11-17,14.887040138244629,5.25490665435791,7.196995735168457,16.47093391418457
2016-11-18,14.633569717407227,5.3400559425354,7.312832832336426,16.35775375366211
2016-11-21,14.743403434753418,5.394794940948486,7.8466901779174805,17.19661521911621
2016-11-22,14.50683307647705,5.394794940948486,8.022963523864746,18.488191604614258
2016-11-23,14.903934478759766,5.297481060028076,7.982673168182373,18.75449562072754
2016-11-24,14.658916473388672,5.25490665435791,7.8466901779174805,18.36835289001465
2016-11-25,14.557525634765625,5.2305779457092285,7.705671787261963,19.24049949645996
2016-11-28,14.827892303466797,5.279234886169434,7.786252975463867,20.64525604248047
2016-11-29,14.413895606994629,5.175839424133301,7.38334321975708,19.426910400390625
2016-11-30,14.489935874938965,5.236661434173584,8.058219909667969,18.68126106262207
2016-12-01,14.050592422485352,4.977720737457275,7.776180744171143,18.9542236328125
2016-12-02,14.118181228637695,4.995999336242676,7.972599029541016,19.748653411865234
2016-12-05,13.90695858001709,4.971629619598389,7.886981964111328,19.82231330871582
2016-12-06,14.151978492736816,5.081296920776367,8.13376235961914,20.090185165405273
2016-12-07,14.059037208557129,5.093481540679932,7.987709999084473,20.779949188232422
2016-12-08,13.90695858001709,5.0873894691467285,7.9071269035339355,20.1772403717041
2016-12-09,14.059037208557129,5.11785364151001,7.8466901779174805,19.829011917114258
2016-12-12,13.611247062683105,4.916794300079346,7.856762886047363,19.748653411865234
2016-12-13,13.763327598571777,4.941166877746582,7.781217575073242,18.971832275390625
2016-12-14,13.653491973876953,4.91070032119751,7.423633098602295,18.67047691345215
2016-12-15,13.788673400878906,4.91070032119751,7.479033946990967,18.904861450195312
2016-12-16,14.09283447265625,4.886332035064697,7.433706283569336,18.58342170715332
2016-12-19,13.771775245666504,4.8010334968566895,7.232252597808838,17.444976806640625
2016-12-20,13.8562650680542,4.849774360656738,7.2272138595581055,17.799903869628906
2016-12-21,13.805572509765625,4.849774360656738,7.222177982330322,17.732933044433594
2016-12-22,13.548644065856934,4.886332035064697,7.055978298187256,16.996294021606445
2016-12-23,13.702800750732422,4.984764575958252,7.171813488006592,16.869060516357422
2016-12-26,13.856956481933594,5.047863483428955,7.262469291687012,17.404794692993164
2016-12-27,13.797008514404297,5.028933525085449,7.25743293762207,17.31774139404297
2016-12-28,13.899779319763184,5.0983405113220215,7.443779468536377,17.866872787475586
2016-12-29,14.045371055603027,5.224538803100586,7.48910665512085,17.19719886779785
2017-01-02,13.968291282653809,5.180370807647705,7.38334321975708,16.781999588012695
2017-01-03,14.250913619995117,5.407522201538086,7.806398868560791,17.525341033935547
2017-01-04,14.139577865600586,5.439072608947754,7.806398868560791,17.21059226989746
2017-01-05,14.216654777526855,5.489551544189453,7.932308197021484,17.866872787475586
2017-01-06,14.096756935119629,5.470620632171631,7.886981964111328,17.391403198242188
2017-01-09,14.156705856323242,5.527409553527832,7.720780372619629,17.74633026123047
2017-01-10,13.993987083435059,5.489551544189453,7.796324253082275,19.11246109008789
2017-01-11,14.053935050964355,5.527409553527832,7.886981964111328,19.507568359375
2017-01-12,14.499277114868164,5.678844928741455,8.007853507995605,20.137062072753906
2017-01-13,14.653434753417969,5.622056484222412,7.897054195404053,20.7464656829834
2017-01-16,14.602046012878418,5.622056484222412,7.932308197021484,21.308988571166992
2017-01-17,14.730512619018555,5.73563289642334,7.967563152313232,20.471899032592773
2017-01-18,14.781896591186523,5.704084873199463,7.952452659606934,21.50319480895996
2017-01-19,14.816152572631836,5.697774410247803,7.9423828125,21.074604034423828
2017-01-20,14.858976364135742,5.760873317718506,8.058219909667969,21.49649429321289
2017-01-23,14.850409507751465,5.90600061416626,8.053182601928711,22.306800842285156
2017-01-24,14.876206398010254,5.836592197418213,8.078363418579102,22.855932235717773
2017-01-26,14.884806632995605,5.861830711364746,7.95749044418335,22.501008987426758
2017-01-27,14.89340591430664,5.855519771575928,7.86683464050293,22.567974090576172
2017-01-30,14.592440605163574,5.786113739013672,7.473997116088867,21.59694480895996
2017-01-31,14.7902193069458,5.855519771575928,7.564651966094971,21.550071716308594
2017-02-01,14.89340591430664,5.880760192871094,7.564651966094971,22.02553939819336
2017-02-02,14.75582218170166,5.874451637268066,7.499181747436523,21.87151336669922
2017-02-03,14.91920280456543,5.9880266189575195,7.725815773010254,20.49868392944336
2017-02-06,14.678431510925293,5.899692058563232,7.534435272216797,20.036609649658203
2017-02-07,14.635438919067383,5.98171854019165,7.403487205505371,20.250904083251953
2017-02-08,14.583841323852539,6.03219747543335,7.604944229125977,20.485292434692383
2017-02-09,14.523649215698242,6.076364517211914,7.5797624588012695,20.81342887878418
2017-02-10,14.738625526428223,6.133153915405273,7.8466901779174805,21.96526527404785
2017-02-13,14.833213806152344,6.120535850524902,7.86683464050293,23.980985641479492
2017-02-14,14.944999694824219,6.095292091369629,7.967563152313232,23.036746978759766
2017-02-15,15.49533462524414,6.32875919342041,7.977636337280273,22.648334503173828
2017-02-16,15.452340126037598,6.309828281402588,7.987709999084473,22.614850997924805
2017-02-17,15.392146110534668,6.4107866287231445,7.86179780960083,22.815752029418945
2017-02-20,15.340550422668457,6.499122619628906,8.017928123474121,24.396181106567383
2017-02-21,15.538329124450684,6.650473117828369,8.103547096252441,23.8001708984375
2017-02-22,15.718905448913574,6.682754039764404,7.9071269035339355,23.2309513092041
2017-02-23,15.589920997619629,6.598819732666016,7.836617946624756,22.213045120239258
2017-02-24,15.340550422668457,6.482595920562744,7.64523458480835,21.911691665649414
2017-03-01,15.40074348449707,6.459964275360107,7.816472053527832,22.213045120239258
2017-03-02,14.798815727233887,6.3823676109313965,7.60998010635376,21.067909240722656
2017-03-03,14.953598022460938,6.459964275360107,7.715744495391846,21.308988571166992
2017-03-06,14.833213806152344,6.511695861816406,7.604944229125977,20.826824188232422
2017-03-07,14.463456153869629,6.414700031280518,7.64523458480835,20.706283569335938
2017-03-08,14.721426963806152,6.291835784912109,7.327942848205566,20.17054557800293
2017-03-09,14.876206398010254,6.233639717102051,7.302760124206543,20.210723876953125
2017-03-10,14.876206398010254,6.259504795074463,7.207069396972656,19.85580062866211
2017-03-13,14.927803039550781,6.350033283233643,7.237286567687988,20.76655387878418
2017-03-14,14.704227447509766,6.278904914855957,6.844449043273926,20.873701095581055
2017-03-15,14.876206398010254,6.44056510925293,7.151668071746826,22.31349754333496
2017-03-16,14.859009742736816,6.44056510925293,6.904885292053223,21.78445816040039
2017-03-17,14.798815727233887,6.317704200744629,6.6278839111328125,20.96076011657715
2017-03-20,15.168570518493652,6.3047709465026855,6.849486351013184,21.181751251220703
2017-03-21,14.979395866394043,6.084911823272705,6.547302722930908,19.447298049926758
2017-03-22,14.884806632995605,6.240106105804443,6.879703044891357,19.688379287719727
2017-03-23,14.99659252166748,6.188374042510986,6.834374904632568,19.581235885620117
2017-03-24,15.159972190856934,6.2465715408325195,6.78904914855957,19.420513153076172
2017-03-27,15.297557830810547,6.3047709465026855,6.935103416442871,19.681686401367188
2017-03-28,15.42654037475586,6.259504795074463,7.025758266448975,19.962947845458984
2017-03-29,15.632918357849121,6.317704200744629,7.277577877044678,20.163850784301758
2017-03-30,15.710308074951172,6.240106105804443,7.277577877044678,20.15715217590332
2017-03-31,15.684510231018066,6.143109321594238,7.29772424697876,19.949554443359375
2017-04-03,15.478135108947754,6.194839000701904,7.388378620147705,19.76204490661621
2017-04-04,15.572721481323242,6.278904914855957,7.479033946990967,20.525474548339844
2017-04-05,15.374947547912598,6.207773208618164,7.338015556335449,19.721866607666016
2017-04-06,15.4609375,6.123711109161377,7.317868709564209,19.360240936279297
2017-04-07,15.521129608154297,6.15604305267334,7.403487205505371,19.520959854125977
2017-04-10,15.478135108947754,6.1819071769714355,7.524359703063965,19.440603256225586
2017-04-11,15.151376724243164,6.207773208618164,7.393415927886963,19.19282341003418
2017-04-12,15.194367408752441,6.175441741943359,7.378305435180664,18.3624267578125
2017-04-13,15.271759033203125,6.020247459411621,7.0912322998046875,18.3624267578125
2017-04-17,15.5297269821167,6.1819071769714355,7.191960334777832,18.369125366210938
2017-04-18,15.615716934204102,6.233639717102051,7.10130500793457,17.81999397277832
2017-04-19,15.564127922058105,6.1301751136779785,6.849486351013184,17.86017417907715
2017-04-20,15.4609375,6.078441619873047,6.990503311157227,18.784318923950195
2017-04-24,15.50393295288086,6.227171421051025,7.066049575805664,18.99578094482422
2017-04-25,15.753303527832031,6.240106105804443,7.222177982330322,19.61859703063965
2017-04-26,15.658714294433594,6.220709800720215,7.050940990447998,19.189544677734375
2017-04-27,15.650116920471191,6.29830265045166,6.914958953857422,18.56673812866211
2017-04-28,15.701705932617188,6.395298957824707,7.035830974578857,19.009624481201172
2017-05-02,15.968276977539062,6.518161773681641,7.045905590057373,19.417911529541016
2017-05-03,15.959678649902344,6.45349645614624,7.131524562835693,18.21380615234375
2017-05-04,16.363828659057617,6.3047709465026855,6.849486351013184,17.54255485534668
2017-05-05,16.25204086303711,6.479362487792969,7.156704425811768,18.02696418762207
2017-05-08,16.24344253540039,6.466428279876709,7.0912322998046875,18.01312255859375
2017-05-09,16.2950382232666,6.485829830169678,7.1214518547058105,18.338367462158203
2017-05-10,16.50140953063965,6.531096935272217,7.418598175048828,18.37989044189453
2017-05-11,16.79377555847168,6.641022682189941,7.463923931121826,18.21380615234375
2017-05-12,16.931358337402344,6.660423755645752,7.781217575073242,17.93008041381836
2017-05-15,16.974355697631836,6.660423755645752,7.897054195404053,18.442171096801758
2017-05-16,17.04314613342285,6.641022682189941,7.9071269035339355,18.864299774169922
2017-05-17,16.88836669921875,6.511695861816406,7.86179780960083,18.573652267456055
2017-05-18,16.166048049926758,5.884450435638428,6.622848033905029,18.587493896484375
2017-05-19,16.01127052307129,5.923250675201416,6.859558582305908,18.857379913330078
2017-05-22,15.968276977539062,5.755122184753418,6.748757362365723,19.32103157043457
2017-05-23,16.24344253540039,5.826254844665527,6.794084072113037,19.55631446838379
2017-05-24,16.217649459838867,5.826254844665527,7.076122760772705,19.044221878051758
2017-05-25,16.269241333007812,5.690458297729492,6.919994831085205,19.168787002563477
2017-05-26,16.363828659057617,5.800386905670166,6.889775276184082,19.279508590698242
2017-05-29,16.363828659057617,5.800386905670166,6.889775276184082,19.279508590698242
2017-05-30,16.157453536987305,5.839186668395996,6.728611946105957,19.79159927368164
2017-05-31,16.088661193847656,5.787455081939697,6.527156352996826,18.802021026611328
2017-06-01,15.95107650756836,5.667625427246094,6.45664644241333,18.45600700378418
2017-06-02,15.968276977539062,5.700012683868408,6.572484970092773,18.532135009765625
2017-06-05,16.26064109802246,5.674102783203125,6.637957572937012,18.331453323364258
2017-06-06,16.398223876953125,5.751827716827393,6.637957572937012,18.39373016357422
2017-06-07,16.20044708251953,5.848989009857178,6.481828689575195,18.30376625061035
2017-06-08,15.933880805969238,5.803648471832275,6.466721057891846,18.698217391967773
2017-06-09,15.572721481323242,5.706490516662598,6.471757411956787,18.891979217529297
2017-06-12,15.546926498413086,5.706490516662598,6.4969377517700195,18.573652267456055
2017-06-13,15.813494682312012,5.745352745056152,6.51708459854126,18.248409271240234
2017-06-14,15.632918357849121,5.803648471832275,6.355918884277344,18.061565399169922
2017-06-15,15.632918357849121,5.803648471832275,6.355918884277344,18.061565399169922
2017-06-16,15.288957595825195,5.836034774780273,6.184682369232178,17.687875747680664
2017-06-19,15.366348266601562,5.842512130737305,6.189720153808594,18.262245178222656
2017-06-20,15.538329124450684,5.693535804748535,5.973154544830322,17.79167938232422
2017-06-21,15.589920997619629,5.6611480712890625,5.862353324890137,18.317607879638672
2017-06-22,15.650116920471191,5.674102783203125,6.063808917999268,18.698217391967773
2017-06-23,15.684510231018066,5.615807056427002,6.00840950012207,18.850461959838867
2017-06-26,15.849337577819824,5.764784336090088,6.1796464920043945,19.009624481201172
2017-06-27,15.866687774658203,5.6546711921691895,6.14942741394043,19.32103157043457
2017-06-28,15.875362396240234,5.706490516662598,6.083954334259033,19.923080444335938
2017-06-29,15.83198356628418,5.784216403961182,6.134317874908447,19.999204635620117
2017-06-30,15.88403606414795,5.842512130737305,6.230010032653809,20.068403244018555
2017-07-03,15.858010292053223,5.842512130737305,6.224973678588867,20.518211364746094
2017-07-04,15.823311805725098,5.836034774780273,6.260229110717773,20.497455596923828
2017-07-05,15.805961608886719,5.894330024719238,6.14942741394043,20.01996421813965
2017-07-06,15.4242582321167,5.816603183746338,6.129281044006348,20.013044357299805
2017-07-07,15.632461547851562,5.810126304626465,6.00840950012207,19.992280960083008
2017-07-10,15.88403606414795,5.861945152282715,6.0335917472839355,20.559734344482422
2017-07-11,16.066213607788086,5.946147441864014,6.209864139556885,20.788097381591797
2017-07-12,16.17898941040039,5.959103584289551,6.51708459854126,20.69121742248535
2017-07-13,16.205015182495117,5.978533744812012,6.481828689575195,20.192968368530273
2017-07-14,16.2657413482666,5.965580940246582,6.572484970092773,20.42824935913086
2017-07-17,16.343814849853516,5.946147441864014,6.491901397705078,20.566652297973633
2017-07-18,16.2657413482666,5.99796724319458,6.51708459854126,20.69121742248535
2017-07-19,16.32646369934082,5.946147441864014,6.6631388664245605,20.69121742248535
2017-07-20,16.291767120361328,5.972058296203613,6.597666263580322,19.874637603759766
2017-07-21,16.317790985107422,5.959103584289551,6.391173839569092,19.72239875793457
2017-07-24,16.32646369934082,5.959103584289551,6.486865520477295,20.15836524963379
2017-07-25,16.37851333618164,6.010922431945801,6.6581034660339355,21.182546615600586
2017-07-26,16.335142135620117,5.939670562744141,6.577520847320557,20.525129318237305
2017-07-27,16.578044891357422,5.985013008117676,6.547302722930908,20.552814483642578
2017-07-28,16.569366455078125,5.985013008117676,6.612774848937988,20.995702743530273
2017-07-31,16.61274528503418,5.991490840911865,6.693356990814209,21.660036087036133
2017-08-01,16.69081687927246,6.1858086585998535,6.607739448547363,21.49395179748535
2017-08-02,16.829614639282227,6.257058620452881,6.804157733917236,21.528553009033203
2017-08-03,16.708168029785156,6.244104385375977,6.703430652618408,21.230987548828125
2017-08-04,16.708168029785156,6.224670886993408,6.748757362365723,21.61159324645996
2017-08-07,16.786245346069336,6.36069393157959,6.824305057525635,22.435091018676758
2017-08-08,16.820941925048828,6.367172718048096,6.794084072113037,22.179046630859375
2017-08-09,16.846967697143555,6.341263294219971,6.809194564819336,22.08908462524414
2017-08-10,16.829614639282227,6.295921325683594,6.642994403839111,21.798439025878906
2017-08-11,16.933719635009766,6.328309059143066,6.522120475769043,21.314027786254883
2017-08-14,17.098543167114258,6.418990135192871,6.587594032287598,21.660036087036133
2017-08-15,17.159271240234375,6.450984001159668,6.622848033905029,21.535476684570312
2017-08-16,17.1852970123291,6.457512378692627,6.612774848937988,21.957599639892578
2017-08-17,17.167945861816406,6.405278205871582,6.572484970092773,21.59083366394043
2017-08-18,17.14192008972168,6.490162372589111,6.849486351013184,21.83304214477539
2017-08-21,17.12457275390625,6.4836320877075195,6.718538761138916,21.9714412689209
2017-08-22,17.13324546813965,6.548925399780273,6.9451751708984375,22.047563552856445
2017-08-23,17.211320877075195,6.686041831970215,6.9300689697265625,22.518131256103516
2017-08-24,17.176616668701172,6.738274574279785,6.950214385986328,23.4454345703125
2017-08-25,17.21999740600586,6.725217819213867,6.990503311157227,23.410829544067383
2017-08-28,17.21999740600586,6.712157726287842,6.985466957092285,23.777599334716797
2017-08-29,17.263368606567383,6.764389991760254,6.9753947257995605,23.832958221435547
2017-08-30,17.24601936340332,6.7709221839904785,6.773940086364746,23.763755798339844
2017-08-31,17.22867202758789,6.659921646118164,6.874666690826416,24.27585220336914
2017-09-01,17.14192008972168,6.787430763244629,7.061013221740723,24.684133529663086
2017-09-04,17.115894317626953,6.761275291442871,7.136560440063477,24.981700897216797
2017-09-05,17.1939697265625,6.800510406494141,7.25743293762207,24.635692596435547
2017-09-06,17.4628963470459,6.990139484405518,7.564651966094971,24.774099349975586
2017-09-07,17.4628963470459,6.990139484405518,7.564651966094971,24.774099349975586
2017-09-08,17.436870574951172,7.009754657745361,7.408524990081787,23.860641479492188
2017-09-11,17.575674057006836,7.101302623748779,7.5495429039001465,24.28276824951172
2017-09-12,18.226303100585938,7.133997917175293,7.48910665512085,24.400409698486328
2017-09-13,18.373779296875,7.153613567352295,7.569689750671387,24.061325073242188
2017-09-14,18.382455825805664,7.179769039154053,7.574726104736328,23.2655086517334
2017-09-15,18.61667823791504,7.336702823638916,7.574726104736328,23.390071868896484
2017-09-18,18.391132354736328,7.382475852966309,7.574726104736328,23.701475143432617
2017-09-19,18.564632415771484,7.356322765350342,7.6250901222229,23.473108291625977
2017-09-20,18.634033203125,7.284391403198242,7.992743492126465,22.954099655151367
2017-09-21,18.52993392944336,7.290931224822998,7.8920183181762695,22.497371673583984
2017-09-22,18.668733596801758,7.2778544425964355,7.902090072631836,22.082162857055664
2017-09-25,18.651382446289062,7.199387550354004,7.977636337280273,21.514711380004883
2017-09-26,18.373779296875,7.192849636077881,7.836617946624756,21.798439025878906
2017-09-27,18.304378509521484,7.088225364685059,7.710707187652588,22.096006393432617
2017-09-28,18.269678115844727,7.075146675109863,7.725815773010254,21.9714412689209
2017-09-29,18.252330780029297,7.212464809417725,7.705671787261963,22.05448341369629
2017-10-02,17.957378387451172,7.166691303253174,7.756035327911377,22.075241088867188
2017-10-03,18.581981658935547,7.447867393493652,8.048144340515137,22.615013122558594
2017-10-04,18.391132354736328,7.395555019378662,7.886981964111328,22.56657600402832
2017-10-05,18.41715431213379,7.441328525543213,8.007853507995605,22.33129119873047
2017-10-06,18.27835464477539,7.408633708953857,7.902090072631836,22.241329193115234
2017-10-09,18.27835464477539,7.297470569610596,8.00281810760498,21.798439025878906
2017-10-10,18.703432083129883,7.447867393493652,8.153909683227539,21.673877716064453
2017-10-11,18.764158248901367,7.428249835968018,8.098508834838867,21.52163314819336
2017-10-12,18.764158248901367,7.428249835968018,8.098508834838867,21.52163314819336
2017-10-13,19.19791030883789,7.42171049118042,8.098508834838867,22.774179458618164
2017-10-16,19.015735626220703,7.389017581939697,8.118656158447266,23.078662872314453
2017-10-17,18.86825942993164,7.304009437561035,8.123690605163574,22.545812606811523
2017-10-18,18.894285202026367,7.336702823638916,8.138801574707031,22.33129119873047
2017-10-19,18.937660217285156,7.290931224822998,8.13376235961914,22.836463928222656
2017-10-20,18.67740821838379,7.290931224822998,8.16901969909668,22.80185890197754
2017-10-23,18.47787857055664,7.1209187507629395,8.158946990966797,22.635774612426758
2017-10-24,18.4952335357666,7.2778544425964355,8.315073013305664,23.410829544067383
2017-10-25,18.382455825805664,7.389017581939697,8.420838356018066,23.217069625854492
2017-10-26,18.252330780029297,7.310547828674316,8.425874710083008,22.60809326171875
2017-10-27,18.139551162719727,7.290931224822998,8.57696533203125,22.525053024291992
2017-10-30,18.18292808532715,7.088225364685059,8.451056480407715,22.38665199279785
2017-10-31,18.130878448486328,6.852822780609131,8.446019172668457,22.21364974975586
2017-11-01,17.992074966430664,6.800510406494141,8.511492729187012,22.711896896362305
2017-11-02,17.992074966430664,6.800510406494141,8.511492729187012,22.711896896362305
2017-11-03,17.870628356933594,6.865901470184326,8.531638145446777,23.210147857666016
2017-11-06,17.818574905395508,6.88551664352417,8.778421401977539,23.763755798339844
2017-11-07,17.523624420166016,6.7351202964782715,8.310035705566406,23.196306228637695
2017-11-08,17.584348678588867,6.957444190979004,8.536675453186035,23.48695182800293
2017-11-09,17.540973663330078,6.846280574798584,8.420838356018066,22.69805335998535
2017-11-10,17.53229522705078,6.846280574798584,8.420838356018066,22.677297592163086
2017-11-13,17.540973663330078,6.846280574798584,8.380545616149902,22.933338165283203
2017-11-14,17.523624420166016,6.748198986053467,7.730854034423828,22.25516700744629
2017-11-15,17.523624420166016,6.748198986053467,7.730854034423828,22.25516700744629
2017-11-16,17.714473724365234,6.852822780609131,7.962527275085449,22.559654235839844
2017-11-17,17.818574905395508,6.931290626525879,8.068291664123535,22.78109359741211
2017-11-20,17.818574905395508,6.931290626525879,8.068291664123535,22.78109359741211
2017-11-21,18.05280113220215,7.035912990570068,8.007853507995605,23.56307601928711
2017-11-22,18.07015037536621,7.016295433044434,8.113618850708008,24.040565490722656
2017-11-23,17.96605110168457,7.009754657745361,8.153909683227539,24.358890533447266
2017-11-24,17.887975692749023,6.944368362426758,8.10858154296875,24.767179489135742
2017-11-27,17.992074966430664,7.055527210235596,7.992743492126465,24.504215240478516
2017-11-28,18.026777267456055,7.029373645782471,7.977636337280273,25.08550453186035
2017-11-29,17.83592414855957,6.859361171722412,7.720780372619629,24.70489501953125
2017-11-30,17.83592414855957,6.787430763244629,7.745961666107178,24.31736946105957
2017-12-01,17.740501403808594,6.849644184112549,7.86179780960083,24.552654266357422
2017-12-04,17.85327911376953,6.875837802886963,7.796324253082275,25.486875534057617
2017-12-05,17.827253341674805,6.843094348907471,7.710707187652588,24.92634391784668
2017-12-06,17.96605110168457,6.94132137298584,7.816472053527832,24.746416091918945
2017-12-07,17.9747257232666,6.862740516662598,7.685525417327881,24.455772399902344
2017-12-08,18.23497772216797,6.888935565948486,7.730854034423828,24.552654266357422
2017-12-11,18.347753524780273,6.921674728393555,7.745961666107178,24.746416091918945
2017-12-12,18.651382446289062,6.993707656860352,7.801362991333008,25.037063598632812
2017-12-13,18.261001586914062,6.895482540130615,7.64523458480835,24.98862648010254
2017-12-14,18.19160270690918,6.875837802886963,7.559614658355713,25.07858657836914
2017-12-15,18.130878448486328,6.908577919006348,7.529397487640381,25.52839469909668
2017-12-18,18.139551162719727,6.875837802886963,7.665380954742432,26.185806274414062
2017-12-19,18.130748748779297,6.810352325439453,7.6250901222229,26.192729949951172
2017-12-20,18.227609634399414,6.915123462677002,7.675452709197998,27.092348098754883
2017-12-21,18.465360641479492,7.1705145835876465,7.987709999084473,27.493715286254883
2017-12-22,18.5181941986084,7.177063465118408,7.932308197021484,27.82937240600586
2017-12-25,18.5181941986084,7.177063465118408,7.932308197021484,27.82937240600586
2017-12-26,18.711917877197266,7.209026336669922,8.043108940124512,27.87133026123047
2017-12-27,18.84400177001953,7.189074516296387,8.083399772644043,27.87833023071289
2017-12-28,18.73833465576172,7.19572639465332,8.10858154296875,28.15808868408203
2017-12-29,18.73833465576172,7.19572639465332,8.10858154296875,28.15808868408203
2018-01-02,19.099365234375,7.335381031036377,8.335220336914062,29.179222106933594
2018-01-03,19.14339256286621,7.421835899353027,8.4107666015625,29.00436782836914
2018-01-04,19.03772735595703,7.561491966247559,8.425874710083008,29.123268127441406
2018-01-05,19.108171463012695,7.574796676635742,8.476239204406738,29.577884674072266
2018-01-08,19.072948455810547,7.568143844604492,8.57696533203125,30.235326766967773
2018-01-09,19.020112991333008,7.448441982269287,8.57696533203125,30.12342071533203
2018-01-10,19.020112991333008,7.448441982269287,8.461129188537598,29.703779220581055
2018-01-11,19.240257263183594,7.568143844604492,8.68776798248291,30.284284591674805
2018-01-12,19.020112991333008,7.588099002838135,8.712947845458984,30.45913314819336
2018-01-15,19.213836669921875,7.681204319000244,8.738131523132324,30.403181076049805
2018-01-16,19.28428077697754,7.780959606170654,8.889220237731934,29.584877014160156
2018-01-17,19.398757934570312,7.900670051574707,9.246804237365723,30.17937469482422
2018-01-18,19.301895141601562,7.940567493438721,9.176295280456543,29.976543426513672
2018-01-19,19.372339248657227,7.967169284820557,9.196441650390625,29.990528106689453
2018-01-22,19.28428077697754,8.166681289672852,9.302205085754395,29.82967185974121
2018-01-23,19.213836669921875,8.060274124145508,9.186369895935059,28.626693725585938
2018-01-24,19.275474548339844,8.58565616607666,9.740371704101562,29.22118377685547
2018-01-25,19.275474548339844,8.58565616607666,9.740371704101562,29.22118377685547
2018-01-26,19.26667022705078,8.94477653503418,10.037517547607422,28.97639274597168
2018-01-29,19.231447219848633,8.712015151977539,9.997227668762207,29.298120498657227
2018-01-30,19.25786781311035,8.765216827392578,9.81591796875,29.00436782836914
2018-01-31,19.328310012817383,8.811768531799316,9.92168140411377,28.990379333496094
2018-02-01,19.637493133544922,8.785168647766113,10.334663391113281,29.228181838989258
2018-02-02,19.44314956665039,8.645506858825684,10.057663917541504,28.535764694213867
2018-02-05,19.151634216308594,8.379496574401855,9.589280128479004,28.22103500366211
2018-02-06,19.098634719848633,8.705362319946289,10.06773567199707,29.703779220581055
2018-02-07,19.098634719848633,8.52580451965332,9.79073715209961,29.172225952148438
2018-02-08,19.13396644592285,8.445998191833496,9.594314575195312,29.088300704956055
2018-02-09,18.98379135131836,8.432697296142578,9.453298568725586,29.37505531311035
2018-02-14,19.64632797241211,8.705362319946289,9.695043563842773,31.130563735961914
2018-02-15,19.699329376220703,8.705362319946289,9.770588874816895,32.1377067565918
2018-02-16,19.81416893005371,8.91152286529541,9.780661582946777,32.19366455078125
2018-02-19,19.73466682434082,8.891571044921875,10.097954750061035,32.4874153137207
2018-02-20,20.061511993408203,9.250696182250977,10.2943754196167,31.829967498779297
2018-02-21,19.78766632080078,9.410303115844727,10.198681831359863,31.333391189575195
2018-02-22,19.805334091186523,9.563261032104492,10.445466041564941,31.94187355041504
2018-02-23,19.407814025878906,9.506941795349121,10.636846542358398,32.228633880615234
2018-02-26,19.566822052001953,9.520889282226562,10.838305473327637,33.15184783935547
2018-02-27,19.628658294677734,9.395339965820312,10.828229904174805,33.1028938293457
2018-02-28,19.434316635131836,9.151212692260742,10.808083534240723,31.508243560791016
2018-03-01,19.73466682434082,9.308333396911621,10.591520309448242,31.088598251342773
2018-03-02,19.94667625427246,9.385147094726562,10.833268165588379,30.599018096923828
2018-03-05,19.893672943115234,9.636533737182617,11.140487670898438,30.564050674438477
2018-03-06,20.114517211914062,9.594633102416992,11.029683113098145,30.417171478271484
2018-03-07,20.37952995300293,9.566705703735352,10.913847923278809,30.31001091003418
2018-03-08,20.58270835876465,9.503854751586914,10.928960800170898,29.32679557800293
2018-03-09,20.70638084411621,9.587651252746582,11.276468276977539,29.779497146606445
2018-03-12,21.18340492248535,9.678434371948242,11.246251106262207,30.034147262573242
2018-03-13,21.16573715209961,9.615585327148438,11.135451316833496,29.800724029541016
2018-03-14,21.43958282470703,9.51781940460205,11.271432876586914,30.1331729888916
2018-03-15,21.095064163208008,9.475923538208008,10.732540130615234,29.991708755493164
2018-03-16,20.85655403137207,9.385147094726562,10.792977333068848,29.920970916748047
2018-03-19,21.015562057495117,9.287381172180176,10.541159629821777,29.0721492767334
2018-03-20,20.92722511291504,9.287381172180176,10.65699577331543,29.425823211669922
2018-03-21,21.103899002075195,9.301347732543945,11.105233192443848,30.062442779541016
2018-03-22,21.20990562438965,9.266432762145996,10.939032554626465,29.65924835205078
2018-03-23,21.130401611328125,9.2943696975708,10.954139709472656,29.425823211669922
2018-03-26,21.201072692871094,9.447991371154785,11.095158576965332,29.708765029907227
2018-03-27,21.059730529785156,9.350231170654297,10.798014640808105,28.902385711669922
2018-03-28,21.042064666748047,9.461958885192871,10.677140235900879,29.383384704589844
2018-03-29,21.262907028198242,9.62955093383789,10.782905578613281,29.857311248779297
2018-04-02,21.068565368652344,9.573684692382812,10.526046752929688,30.41611671447754
2018-04-03,21.377748489379883,9.524801254272461,10.4303560256958,30.324159622192383
2018-04-04,21.368915557861328,9.53178882598877,10.264155387878418,30.097808837890625
2018-04-05,21.22757339477539,9.503854751586914,10.651959419250488,30.59295654296875
2018-04-06,20.538537979125977,9.427042961120605,10.717429161071777,30.232206344604492
2018-04-09,20.57387351989746,9.238504409790039,10.339700698852539,30.38075065612793
2018-04-10,21.024394989013672,9.280397415161133,10.777865409851074,31.71764373779297
2018-04-11,21.068565368652344,9.273418426513672,10.979325294494629,31.576175689697266
2018-04-12,20.57387351989746,9.420058250427246,10.918886184692383,31.696420669555664
2018-04-13,20.547372817993164,9.217551231384277,10.677140235900879,31.816675186157227
2018-04-16,20.30002784729004,9.049962043762207,10.385028839111328,31.50543785095215
2018-04-17,20.414867401123047,9.217551231384277,10.591520309448242,32.48865509033203
2018-04-18,20.626876831054688,9.399110794067383,10.979325294494629,33.585052490234375
2018-04-19,20.759382247924805,9.252466201782227,11.180776596069336,33.83262634277344
2018-04-20,20.697546005249023,9.175654411315918,11.261361122131348,33.69115447998047
2018-04-23,20.7152156829834,9.210572242736816,11.321796417236328,33.59920120239258
2018-04-24,20.591541290283203,9.189621925354004,11.28150463104248,34.17215347290039
2018-04-25,20.46786880493164,9.2454833984375,10.944066047668457,33.91750717163086
2018-04-26,20.591541290283203,9.545754432678223,11.3973388671875,34.448020935058594
2018-04-27,20.476699829101562,9.559718132019043,11.43763256072998,34.20044708251953
2018-04-30,20.609210968017578,9.503854751586914,11.568578720092773,34.426795959472656
2018-05-02,20.02617835998535,8.938233375549316,11.382234573364258,34.45509719848633
2018-05-03,19.964344024658203,8.693830490112305,11.30668830871582,34.7238883972168
2018-05-04,19.876007080078125,8.554168701171875,11.216032981872559,35.15536880493164
2018-05-07,19.73466682434082,8.568132400512695,11.407417297363281,34.82999801635742
2018-05-08,19.822999954223633,8.589082717895508,11.538362503051758,34.794620513916016
2018-05-09,19.354812622070312,8.610030174255371,12.480164527893066,35.54441833496094
2018-05-10,19.257640838623047,8.896334648132324,12.968694686889648,36.35786819458008
2018-05-11,19.30181121826172,8.756672859191895,12.812566757202148,37.22791290283203
2018-05-14,19.17813491821289,8.630982398986816,13.215478897094727,38.387969970703125
2018-05-15,18.95728874206543,8.5122709274292,13.49247932434082,38.656761169433594
2018-05-16,19.0014591217041,8.596067428588867,13.794662475585938,39.54095458984375
2018-05-17,18.630441665649414,8.21898365020752,13.06942367553711,39.17313003540039
2018-05-18,18.22408676147461,8.100272178649902,12.918331146240234,38.74164581298828
2018-05-21,17.932575225830078,8.0513916015625,12.6161470413208,37.489627838134766
2018-05-22,17.800065994262695,8.400540351867676,12.469799041748047,37.02278137207031
2018-05-23,17.711727142333984,8.205018043518066,11.743110656738281,36.739837646484375
2018-05-24,17.959075927734375,8.33769702911377,10.133289337158203,37.107662200927734
2018-05-25,17.808900833129883,8.21898365020752,9.991988182067871,36.41446304321289
2018-05-28,17.455549240112305,7.876818656921387,8.533562660217285,36.12444305419922
2018-05-29,17.305374145507812,7.8209547996521,9.739665031433105,35.48075485229492
2018-05-30,17.393714904785156,7.84190559387207,9.578178405761719,35.813209533691406
2018-06-01,17.61455726623535,7.960771083831787,8.155078887939453,37.31986618041992
2018-06-04,17.702896118164062,8.214593887329102,8.846443176269531,37.15010452270508
2018-06-05,17.455549240112305,7.806942939758301,8.372075080871582,38.00599670410156
2018-06-06,17.25237464904785,7.699259281158447,8.240869522094727,39.661197662353516
2018-06-07,16.8548526763916,7.230071544647217,7.953219413757324,38.45869827270508
2018-06-08,16.74884796142578,7.245453357696533,7.695850372314453,35.99711990356445
2018-06-11,16.77535057067871,7.076241493225098,7.776595115661621,35.96882247924805
2018-06-12,16.678176879882812,7.068551063537598,7.801825046539307,36.5700798034668
2018-06-13,16.528003692626953,7.014709949493408,7.6554789543151855,36.46397018432617
2018-06-14,16.722347259521484,6.783961772918701,7.620153903961182,36.5771484375
2018-06-15,16.536834716796875,6.853187561035156,7.554549694061279,34.75217819213867
2018-06-18,16.51901626586914,6.622439384460449,7.317365646362305,34.80876922607422
2018-06-19,16.750675201416016,6.9147186279296875,7.78164005279541,34.165077209472656
2018-06-20,16.51901626586914,7.060859203338623,8.18030834197998,34.52583312988281
2018-06-21,16.15370750427246,6.853187561035156,7.620153903961182,33.394065856933594
2018-06-22,16.180438995361328,6.907026290893555,7.625199794769287,33.95994567871094
2018-06-25,16.23390007019043,6.87626314163208,7.922940731048584,33.35870361328125
2018-06-26,16.11806869506836,6.991634368896484,8.09451961517334,34.19337463378906
2018-06-27,15.993329048156738,6.783961772918701,8.351890563964844,34.05897903442383
2018-06-28,16.046789169311523,6.9531755447387695,8.37712287902832,34.709739685058594
2018-06-29,16.02005958557129,7.060859203338623,8.674864768981934,35.07756423950195
2018-07-02,16.16261863708496,7.137774467468262,8.816164016723633,34.490455627441406
2018-07-03,16.11806869506836,7.37621545791626,8.83130168914795,33.92457962036133
2018-07-04,16.12697982788086,7.445436000823975,8.88681411743164,33.97409439086914
2018-07-05,16.394275665283203,7.460821628570557,9.012974739074707,35.15536880493164
2018-07-06,16.11806869506836,7.47620153427124,9.05334758758545,35.60808181762695
2018-07-10,16.207168579101562,7.491586685180664,8.957465171813965,35.035125732421875
2018-07-11,15.957690238952637,7.5146613121032715,8.785884857177734,34.561195373535156
2018-07-12,16.251720428466797,7.622341632843018,9.058393478393555,35.68587875366211
2018-07-13,16.42991828918457,7.791560173034668,9.139138221740723,35.586856842041016
2018-07-16,16.88432502746582,7.837706565856934,9.023069381713867,35.36757278442383
2018-07-17,17.08034324645996,7.991540908813477,9.229972839355469,35.862728118896484
2018-07-18,16.715036392211914,7.983844757080078,9.108858108520508,36.39324188232422
2018-07-19,16.82195281982422,8.099221229553223,9.285482406616211,34.96438980102539
2018-07-20,16.74176597595215,8.36073112487793,9.734620094299316,34.4621696472168
2018-07-23,16.61702537536621,8.15306282043457,9.71947956085205,35.08463668823242
2018-07-24,16.902143478393555,8.168447494506836,9.921338081359863,36.29420471191406
2018-07-25,16.839773178100586,8.429961204528809,10.072731971740723,36.605445861816406
2018-07-26,17.72185707092285,8.283818244934082,9.79517650604248,37.33401107788086
2018-07-27,17.650577545166016,8.260741233825684,9.976850509643555,37.807945251464844
2018-07-30,17.552568435668945,8.345351219177246,10.037406921386719,38.430416107177734
2018-07-31,17.294179916381836,8.014613151550293,9.951616287231445,38.791160583496094
2018-08-01,17.329822540283203,8.191519737243652,10.097965240478516,37.532073974609375
2018-08-02,17.1872615814209,8.23766803741455,10.299822807312012,37.37645721435547
2018-08-03,17.196170806884766,8.483798027038574,10.653074264526367,38.242733001708984
2018-08-06,17.196170806884766,8.36073112487793,10.617749214172363,38.133567810058594
2018-08-07,17.08034324645996,8.345351219177246,10.451216697692871,38.38827896118164
2018-08-08,17.07143211364746,8.168447494506836,10.163568496704102,38.133567810058594
2018-08-09,17.169443130493164,8.006922721862793,10.264496803283691,37.72603225708008
2018-08-10,16.848684310913086,7.699259281158447,9.886012077331543,37.63142776489258
2018-08-13,17.05360984802246,7.660799980163574,10.113104820251465,38.04623794555664
2018-08-14,17.294179916381836,7.845396995544434,10.10804557800293,38.39555358886719
2018-08-15,17.303091049194336,7.830014705657959,9.637551307678223,36.685367584228516
2018-08-16,16.937782287597656,7.753100395202637,9.586958885192871,36.1832275390625
2018-08-17,17.089252471923828,7.653109073638916,9.33906364440918,36.96918869018555
2018-08-20,17.062522888183594,7.636453151702881,9.288473129272461,37.4349365234375
2018-08-21,16.911052703857422,7.463613510131836,8.964690208435059,37.6459846496582
2018-08-22,16.839773178100586,7.628597259521484,9.283414840698242,38.78853225708008
2018-08-23,16.87541389465332,7.424330234527588,9.081052780151367,38.824920654296875
2018-08-24,16.991241455078125,7.455755710601807,9.2581205368042,39.40711212158203
2018-08-27,17.044702529907227,7.667879104614258,9.46554183959961,40.51327133178711
2018-08-28,17.01797103881836,7.54217529296875,9.283414840698242,40.49872589111328
2018-08-29,17.15162467956543,7.754300594329834,9.76402759552002,40.185794830322266
2018-08-30,16.92887306213379,7.408616542816162,9.511072158813477,39.71276092529297
2018-08-31,16.795225143432617,7.534320831298828,9.743790626525879,39.02141189575195
2018-09-03,16.59920310974121,7.451696872711182,9.612256050109863,39.3343391418457
2018-09-04,16.046789169311523,7.365140438079834,9.435187339782715,37.842472076416016
2018-09-05,16.16261863708496,7.365140438079834,9.485776901245117,37.951637268066406
2018-09-06,16.322996139526367,7.632680416107178,9.607195854187012,38.91952896118164
2018-09-10,16.296268463134766,7.624809741973877,9.743790626525879,38.73031234741211
2018-09-11,16.207168579101562,7.310059070587158,9.359299659729004,38.27183532714844
2018-09-12,16.43882942199707,7.357272624969482,9.586958885192871,38.89769744873047
2018-09-13,16.3319091796875,7.404483795166016,9.46554183959961,39.13785171508789
2018-09-14,16.242809295654297,7.577596664428711,9.506012916564941,40.171241760253906
2018-09-17,16.3586368560791,7.6956281661987305,9.814617156982422,40.05480194091797
2018-09-18,16.74176597595215,7.797923564910889,10.244640350341797,41.72860336303711
2018-09-19,16.74176597595215,7.790053844451904,10.10804557800293,42.63100051879883
2018-09-20,16.70612335205078,7.679891109466553,10.052395820617676,43.16952133178711
2018-09-21,16.795225143432617,7.766445636749268,10.188989639282227,44.399410247802734
2018-09-24,16.38536834716797,7.54612398147583,10.118163108825684,43.80994415283203
2018-09-25,16.394275665283203,7.609072208404541,10.158634185791016,45.265419006347656
2018-09-26,16.661575317382812,7.679891109466553,10.214284896850586,43.67167282104492
2018-09-27,16.465557098388672,7.908087730407715,10.85678768157959,43.28596496582031
2018-09-28,16.340816497802734,7.947427272796631,10.669604301452637,43.53339767456055
2018-10-01,16.421005249023438,7.860873699188232,10.624070167541504,43.95549011230469
2018-10-02,16.260629653930664,8.183494567871094,11.544822692871094,44.537681579589844
2018-10-03,16.15370750427246,8.451026916503906,12.035553932189941,43.62800598144531
2018-10-04,15.922049522399902,8.388079643249512,12.151910781860352,42.791099548339844
2018-10-05,15.726032257080078,8.285785675048828,12.121561050415039,41.8377685546875
2018-10-08,16.037879943847656,8.789383888244629,13.457157135009766,41.517555236816406
2018-10-09,15.574562072753906,8.718565940856934,13.568455696105957,41.9905891418457
2018-10-10,15.325085639953613,8.506111145019531,13.178908348083496,40.673377990722656
2018-10-11,15.13797664642334,8.45889949798584,12.794416427612305,41.10274887084961
2018-10-15,15.084518432617188,8.513978004455566,13.037252426147461,41.96875762939453
2018-10-16,15.512192726135254,8.868072509765625,13.52292537689209,41.9905891418457
2018-10-17,15.191436767578125,8.789383888244629,13.381270408630371,42.791099548339844
2018-10-18,14.835039138793945,8.521846771240234,13.001836776733398,41.11730194091797
2018-10-19,15.022148132324219,8.506111145019531,13.113137245178223,41.139129638671875
2018-10-22,14.986507415771484,8.639876365661621,13.421740531921387,42.47817611694336
2018-10-23,14.817218780517578,8.62414264678955,13.254791259765625,41.29924011230469
2018-10-24,14.15788459777832,8.419554710388184,12.99172306060791,39.61088180541992
2018-10-25,13.364899635314941,8.513978004455566,13.315502166748047,39.74187469482422
2018-10-26,13.534188270568848,8.687088966369629,13.963064193725586,40.46233367919922
2018-10-29,13.748026847839355,8.569058418273926,13.366094589233398,38.64298629760742
2018-10-30,14.300442695617676,8.899545669555664,14.165426254272461,39.203346252441406
2018-10-31,14.558831214904785,8.844464302062988,13.973183631896973,41.27012252807617
2018-11-01,14.585561752319336,8.970364570617676,13.8214111328125,41.84504318237305
2018-11-05,14.665748596191406,9.049052238464355,14.246371269226074,41.86687088012695
2018-11-06,14.826128005981445,9.088396072387695,13.75564193725586,41.6485481262207
2018-11-07,14.567740440368652,9.127739906311035,13.305383682250977,41.91054153442383
2018-11-08,13.997505187988281,8.891677856445312,12.824769020080566,41.495731353759766
2018-11-09,14.32717227935791,9.088396072387695,12.880420684814453,39.7709846496582
2018-11-12,14.211344718933105,9.001840591430664,12.814652442932129,39.916534423828125
2018-11-13,14.042055130004883,8.938889503479004,12.263215065002441,40.949920654296875
2018-11-14,14.282623291015625,9.088396072387695,12.698293685913086,40.14213562011719
2018-11-16,14.701391220092773,9.434619903564453,13.05242919921875,40.86259460449219
2018-11-19,14.665748596191406,9.497573852539062,13.153611183166504,40.29495620727539
2018-11-21,14.59446907043457,9.324459075927734,12.733709335327148,39.683650970458984
2018-11-22,14.701391220092773,9.316587448120117,12.774344444274902,39.32706069946289
2018-11-23,14.43409252166748,9.332329750061035,12.378157615661621,36.64169692993164
2018-11-26,14.389542579650879,9.159214973449707,12.317209243774414,36.47432327270508
2018-11-27,14.737030982971191,9.513306617736816,12.967353820800781,36.328773498535156
2018-11-28,14.870678901672363,9.733633995056152,12.891164779663086,38.060794830322266
2018-11-29,14.826128005981445,9.828060150146484,12.784502029418945,37.842472076416016
2018-11-30,15.075606346130371,9.710026741027832,12.93179988861084,38.42466735839844
2018-12-03,14.915227890014648,9.639094352722168,13.175603866577148,39.37800216674805
2018-12-04,14.835039138793945,9.497224807739258,12.87084674835205,38.482887268066406
2018-12-05,14.737030982971191,9.497224807739258,12.98259162902832,38.42466735839844
2018-12-06,14.603381156921387,9.741552352905273,12.489904403686523,38.060794830322266
2018-12-07,14.353902816772461,9.552397727966309,12.581329345703125,37.325775146484375
2018-12-10,14.15788459777832,9.26077938079834,11.905789375305176,36.53253936767578
2018-12-11,14.211344718933105,9.29230785369873,11.82960033416748,36.82363510131836
2018-12-12,14.211344718933105,9.386884689331055,11.834676742553711,36.65625762939453
2018-12-13,14.541010856628418,9.536635398864746,11.865155220031738,36.82363510131836
2018-12-14,14.309351921081543,9.599685668945312,11.707697868347168,37.02740478515625
2018-12-17,14.344992637634277,9.33959674835205,11.616271018981934,37.29666519165039
2018-12-18,14.148974418640137,9.385418891906738,11.174376487731934,37.4349365234375
2018-12-19,14.003483772277832,9.377535820007324,11.30135726928711,36.39426803588867
2018-12-20,13.830713272094727,9.369647026062012,10.91533374786377,36.248722076416016
2018-12-21,13.794341087341309,9.26711368560791,10.945807456970215,37.01285171508789
2018-12-26,13.767061233520508,9.148813247680664,11.390589714050293,36.70719528198242
2018-12-27,13.73068904876709,9.306550025939941,11.385334968566895,36.02312088012695
2018-12-28,13.985297203063965,9.527383804321289,11.915985107421875,37.11473083496094
